"class(1 pos, 0 neg)",true_value
1,1
1,1
1,1
1,1
1,1
1,1
1,1
1,1
1,1
1,1
0,1
1,1
1,1
1,1
1,1
1,1
1,1
0,1
1,1
0,1
1,1
1,1
1,1
1,1
1,1
0,1
0,1
1,1
1,1
1,1
1,1
1,1
1,1
0,1
0,1
1,1
1,1
1,1
0,1
1,1
0,1
1,1
0,1
1,1
0,1
1,1
1,1
1,1
0,1
1,1
1,1
1,1
1,1
1,1
0,1
1,1
0,1
1,1
1,1
1,1
1,1
1,1
1,1
1,1
1,1
1,1
1,1
1,1
1,1
1,1
1,1
1,1
1,1
1,1
1,1
1,1
1,1
1,1
1,1
1,1
1,1
1,1
1,1
1,1
1,1
1,1
1,1
1,1
1,1
1,1
1,1
0,1
0,1
1,1
1,1
1,1
1,1
1,1
1,1
1,1
1,1
1,1
0,1
1,1
1,1
1,1
1,1
1,1
1,1
1,1
1,1
0,1
0,1
1,1
1,1
1,1
1,1
1,1
1,1
1,1
1,1
1,1
1,1
1,1
0,1
1,1
1,1
1,1
1,1
1,1
1,1
1,1
1,1
1,1
1,1
0,1
1,1
1,1
1,1
1,1
1,1
1,1
1,1
1,1
1,1
1,1
1,1
0,1
1,1
1,1
1,1
0,1
1,1
1,1
1,1
1,1
0,1
1,1
1,1
1,1
1,1
1,1
1,1
1,1
1,1
1,1
1,1
0,1
0,1
1,1
1,1
0,1
1,1
1,1
1,1
0,1
1,1
1,1
1,1
1,1
1,1
1,1
1,1
1,1
1,1
0,1
0,1
1,1
0,1
1,1
1,1
1,1
1,1
0,1
1,1
1,1
1,1
1,1
0,1
1,1
1,1
0,1
1,1
1,1
1,1
1,1
1,1
1,1
1,1
1,1
1,1
1,1
0,1
1,1
1,1
1,1
1,1
1,1
1,1
1,1
1,1
1,1
0,1
1,1
1,1
1,1
1,1
1,1
1,1
1,1
1,1
1,1
1,1
1,1
1,1
1,1
1,1
1,1
1,1
1,1
1,1
0,1
1,1
1,1
1,1
1,1
1,1
1,1
1,1
1,1
1,1
1,1
1,1
1,1
1,1
1,1
1,1
1,1
1,1
1,1
0,1
1,1
1,1
1,1
1,1
1,1
1,1
0,1
1,1
1,1
1,1
0,1
1,1
1,1
1,1
1,1
1,1
0,1
1,1
1,1
1,1
1,1
1,1
1,1
1,1
1,1
1,1
0,1
1,1
1,1
1,1
1,1
1,1
1,1
1,1
1,1
1,1
1,1
1,1
1,1
0,1
1,1
1,1
1,1
1,1
0,1
0,1
1,1
1,1
1,1
0,1
1,1
1,1
1,1
1,1
1,1
1,1
1,1
1,1
1,1
0,1
1,1
1,1
1,1
1,1
0,1
1,1
1,1
1,1
1,1
1,1
1,1
1,1
1,1
1,1
1,1
1,1
1,1
1,1
1,1
1,1
1,1
0,1
1,1
1,1
1,1
1,1
0,1
1,1
1,1
1,1
1,1
1,1
0,1
1,1
1,1
1,1
1,1
1,1
0,1
1,1
1,1
1,1
0,1
1,1
1,1
0,1
1,1
1,1
1,1
1,1
1,1
0,1
1,1
1,1
1,1
1,1
1,1
1,1
1,1
1,1
1,1
1,1
1,1
1,1
1,1
0,1
1,1
1,1
1,1
0,1
1,1
1,1
1,1
1,1
1,1
1,1
1,1
1,1
1,1
1,1
1,1
1,1
1,1
0,1
1,1
0,1
1,1
0,1
0,1
1,1
1,1
1,1
1,1
1,1
1,1
1,1
1,1
1,1
1,1
1,1
1,1
1,1
1,1
1,1
1,1
0,1
0,1
0,1
1,1
1,1
1,1
1,1
0,1
0,1
1,1
0,1
1,1
1,1
1,1
1,1
1,1
1,1
1,1
1,1
1,1
1,1
1,1
1,1
0,1
1,1
1,1
1,1
1,1
1,1
0,1
1,1
1,1
0,1
1,1
0,1
1,1
1,1
1,1
1,1
0,1
1,1
1,1
1,1
0,0
0,0
0,0
0,0
0,0
0,0
0,0
0,0
0,0
1,0
1,0
0,0
0,0
1,0
1,0
1,0
1,0
1,0
1,0
1,0
1,0
1,0
0,0
0,0
0,0
0,0
0,0
0,0
1,0
0,0
0,0
1,0
1,0
1,0
1,0
1,0
1,0
1,0
1,0
1,0
0,0
0,0
0,0
1,0
1,0
1,0
0,0
1,0
1,0
1,0
1,0
0,0
0,0
0,0
1,0
1,0
0,0
1,0
0,0
0,0
0,0
0,0
0,0
0,0
1,0
0,0
1,0
1,0
0,0
1,0
1,0
1,0
1,0
1,0
1,0
0,0
1,0
0,0
0,0
0,0
0,0
0,0
0,0
0,0
0,0
0,0
0,0
0,0
0,0
1,0
0,0
1,0
1,0
1,0
0,0
1,0
1,0
1,0
0,0
0,0
1,0
1,0
0,0
0,0
0,0
1,0
0,0
0,0
0,0
0,0
1,0
1,0
1,0
1,0
1,0
1,0
0,0
0,0
0,0
0,0
0,0
0,0
1,0
1,0
0,0
0,0
0,0
0,0
0,0
0,0
0,0
1,0
1,0
0,0
1,0
0,0
0,0
0,0
0,0
0,0
0,0
0,0
0,0
0,0
0,0
0,0
0,0
0,0
1,0
1,0
1,0
1,0
0,0
0,0
0,0
1,0
0,0
0,0
1,0
1,0
1,0
1,0
0,0
0,0
0,0
0,0
0,0
0,0
0,0
0,0
0,0
0,0
0,0
1,0
0,0
1,0
0,0
0,0
0,0
1,0
0,0
0,0
0,0
0,0
0,0
1,0
1,0
0,0
0,0
0,0
0,0
1,0
1,0
0,0
1,0
0,0
1,0
1,0
1,0
1,0
1,0
1,0
1,0
1,0
0,0
0,0
0,0
0,0
0,0
0,0
0,0
0,0
0,0
0,0
0,0
0,0
0,0
0,0
0,0
0,0
0,0
0,0
0,0
1,0
1,0
1,0
1,0
1,0
1,0
0,0
1,0
1,0
1,0
1,0
0,0
1,0
0,0
0,0
0,0
0,0
0,0
0,0
0,0
0,0
0,0
0,0
0,0
0,0
1,0
1,0
0,0
0,0
0,0
0,0
0,0
0,0
0,0
1,0
0,0
0,0
0,0
0,0
0,0
0,0
0,0
0,0
0,0
0,0
0,0
0,0
0,0
0,0
0,0
0,0
0,0
0,0
0,0
0,0
0,0
0,0
0,0
0,0
1,0
0,0
0,0
1,0
0,0
0,0
0,0
0,0
0,0
1,0
1,0
0,0
0,0
1,0
1,0
1,0
0,0
0,0
0,0
0,0
0,0
0,0
0,0
1,0
0,0
0,0
0,0
1,0
1,0
1,0
1,0
0,0
1,0
0,0
0,0
1,0
1,0
0,0
1,0
1,0
1,0
1,0
0,0
0,0
0,0
0,0
0,0
0,0
1,0
0,0
0,0
0,0
0,0
1,0
0,0
0,0
0,0
1,0
0,0
1,0
1,0
0,0
1,0
1,0
0,0
0,0
0,0
1,0
1,0
0,0
0,0
0,0
0,0
1,0
1,0
1,0
1,0
1,0
1,0
1,0
1,0
1,0
1,0
1,0
1,0
0,0
0,0
0,0
0,0
1,0
1,0
1,0
0,0
0,0
0,0
0,0
0,0
0,0
0,0
0,0
0,0
0,0
1,0
0,0
0,0
0,0
1,0
0,0
0,0
0,0
1,0
1,0
1,0
0,0
0,0
0,0
0,0
1,0
1,0
1,0
0,0
0,0
0,0
0,0
0,0
0,0
1,0
1,0
0,0
0,0
0,0
0,0
0,0
0,0
0,0
0,0
1,0
1,0
0,0
1,0
1,0
0,0
0,0
0,0
0,0
1,0
0,0
0,0
0,0
0,0
0,0
1,0
1,0
0,0
0,0
0,0
0,0
1,0
0,0
0,0
0,0
0,0
0,0
0,0
0,0
0,0
1,0
1,0
1,0
1,0
1,0
1,0
1,0
0,0
0,0
0,0
0,0
0,0
0,0
1,0
0,0
0,0
0,0
0,0
0,0
0,0
0,0
0,0
0,0
0,0
1,0
1,0
0,0
0,0
1,0
0,0
0,0
0,0
0,0
0,0
0,0
1,0
1,0
1,0
0,0
0,0
0,0
0,0
0,0
0,0
0,0
1,0
1,0
0,0
0,0
1,0
1,0
0,0
0,0
0,0
0,0
1,0
1,0
1,0
1,0
0,0
0,0
0,0
0,0
0,0
0,0
0,0
0,0
1,0
1,0
1,0
0,0
0,0
0,0
0,0
0,0
0,0
0,0
1,0
0,0
0,0
1,0
1,0
1,0
0,0
1,0
1,0
1,0
1,0
1,0
1,0
1,0
1,0
1,0
0,0
0,0
0,0
0,0
0,0
1,0
1,0
1,0
1,0
1,0
0,0
0,0
1,0
1,0
0,0
1,0
0,0
0,0
0,0
0,0
1,0
0,0
0,0
1,0
0,0
0,0
1,0
1,0
0,0
0,0
0,0
0,0
0,0
1,0
1,0
0,0
0,0
1,0
1,0
1,0
1,0
0,0
1,0
1,0
1,0
1,0
1,0
1,0
1,0
1,0
1,0
1,0
1,0
1,0
1,0
1,0
1,0
0,0
0,0
0,0
1,0
1,0
1,0
0,0
0,0
1,0
1,0
0,0
1,0
1,0
1,0
1,0
1,0
0,0
0,0
0,0
1,0
0,0
0,0
0,0
1,0
1,0
1,0
1,0
1,0
1,0
0,0
0,0
0,0
0,0
0,0
0,0
0,0
0,0
0,0
0,0
1,0
0,0
0,0
1,0
0,0
0,0
0,0
0,0
0,0
1,0
0,0
1,0
1,0
0,0
0,0
0,0
0,0
1,0
1,0
1,0
1,0
0,0
1,0
1,0
0,0
0,0
0,0
0,0
0,0
0,0
0,0
0,0
0,0
1,0
1,0
0,0
0,0
0,0
0,0
0,0
0,0
0,0
0,0
0,0
0,0
0,0
1,0
1,0
1,0
0,0
1,0
1,0
0,0
1,0
0,0
0,0
0,0
1,0
0,0
1,0
0,0
1,0
1,0
1,0
1,0
0,0
0,0
0,0
0,0
0,0
0,0
0,0
0,0
0,0
0,0
0,0
0,0
0,0
0,0
1,0
0,0
0,0
1,0
0,0
0,0
0,0
0,0
0,0
0,0
1,0
0,0
1,0
0,0
0,0
0,0
0,0
0,0
1,0
1,0
1,0
1,0
1,0
0,0
1,0
1,0
1,0
0,0
0,0
0,0
0,0
0,0
0,0
1,0
1,0
0,0
0,0
0,0
0,0
1,0
1,0
1,0
1,0
0,0
1,0
0,0
0,0
0,0
0,0
1,0
0,0
0,0
0,0
0,0
0,0
0,0
0,0
0,0
0,0
0,0
1,0
1,0
1,0
1,0
0,0
0,0
0,0
1,0
1,0
0,0
0,0
0,0
0,0
0,0
0,0
0,0
0,0
0,0
1,0
1,0
1,0
1,0
1,0
0,0
0,0
0,0
0,0
0,0
1,0
1,0
1,0
1,0
1,0
1,0
1,0
1,0
0,0
1,0
1,0
0,0
0,0
0,0
0,0
0,0
0,0
0,0
0,0
0,0
1,0
1,0
0,0
0,0
1,0
1,0
0,0
1,0
1,0
1,0
0,0
0,0
0,0
0,0
0,0
0,0
0,0
1,0
1,0
0,0
1,0
1,0
1,0
1,0
1,0
1,0
1,0
0,0
0,0
0,0
0,0
0,0
0,0
0,0
0,0
1,0
1,0
0,0
1,0
1,0
1,0
1,0
0,0
0,0
0,0
0,0
0,0
1,0
0,0
0,0
0,0
0,0
0,0
0,0
0,0
0,0
0,0
0,0
0,0
0,0
0,0
0,0
0,0
0,0
0,0
0,0
0,0
0,0
0,0
0,0
0,0
0,0
0,0
0,0
0,0
0,0
0,0
0,0
0,0
0,0
0,0
0,0
0,0
0,0
0,0
0,0
0,0
0,0
0,0
0,0
1,0
1,0
1,0
0,0
0,0
0,0
0,0
1,0
1,0
0,0
0,0
1,0
1,0
1,0
1,0
1,0
0,0
0,0
0,0
1,0
1,0
0,0
0,0
0,0
0,0
0,0
0,0
0,0
0,0
0,0
0,0
0,0
0,0
0,0
1,0
1,0
0,0
1,0
1,0
0,0
0,0
0,0
0,0
0,0
1,0
0,0
1,0
1,0
0,0
0,0
0,0
1,0
1,0
1,0
0,0
0,0
0,0
0,0
0,0
0,0
1,0
1,0
0,0
0,0
1,0
1,0
0,0
0,0
1,0
0,0
0,0
0,0
0,0
1,0
1,0
1,0
1,0
0,0
0,0
0,0
0,0
1,0
0,0
0,0
0,0
1,0
1,0
1,0
1,0
1,0
1,0
1,0
1,0
0,0
0,0
1,0
1,0
1,0
1,0
1,0
1,0
0,0
0,0
0,0
0,0
1,0
1,0
1,0
0,0
0,0
0,0
0,0
0,0
0,0
1,0
1,0
1,0
1,0
1,0
1,0
1,0
1,0
1,0
1,0
1,0
0,0
0,0
0,0
0,0
0,0
1,0
1,0
1,0
1,0
1,0
1,0
1,0
1,0
1,0
1,0
1,0
0,0
0,0
0,0
0,0
0,0
1,0
1,0
1,0
1,0
1,0
1,0
1,0
1,0
1,0
1,0
1,0
0,0
0,0
0,0
0,0
0,0
1,0
1,0
1,0
1,0
1,0
1,0
1,0
1,0
1,0
1,0
1,0
0,0
0,0
0,0
0,0
0,0
1,0
1,0
1,0
1,0
1,0
1,0
1,0
1,0
1,0
1,0
1,0
1,0
0,0
0,0
0,0
0,0
1,0
0,0
0,0
0,0
0,0
0,0
0,0
0,0
1,0
1,0
1,0
1,0
1,0
1,0
1,0
1,0
1,0
1,0
1,0
1,0
1,0
1,0
1,0
1,0
1,0
1,0
1,0
1,0
1,0
1,0
1,0
1,0
1,0
0,0
0,0
1,0
1,0
1,0
1,0
0,0
0,0
0,0
0,0
1,0
1,0
1,0
1,0
1,0
1,0
0,0
0,0
0,0
0,0
1,0
1,0
1,0
1,0
1,0
0,0
0,0
1,0
1,0
1,0
1,0
0,0
0,0
0,0
0,0
0,0
0,0
0,0
1,0
1,0
0,0
0,0
0,0
0,0
0,0
0,0
0,0
0,0
0,0
0,0
0,0
0,0
0,0
1,0
1,0
1,0
1,0
1,0
1,0
1,0
1,0
1,0
1,0
1,0
1,0
0,0
0,0
0,0
1,0
1,0
0,0
0,0
0,0
0,0
1,0
0,0
0,0
0,0
1,0
1,0
1,0
1,0
0,0
1,0
1,0
1,0
1,0
0,0
0,0
0,0
0,0
1,0
1,0
1,0
1,0
1,0
1,0
1,0
0,0
0,0
0,0
0,0
0,0
0,0
1,0
0,0
0,0
0,0
0,0
0,0
1,0
1,0
1,0
1,0
0,0
0,0
0,0
0,0
0,0
0,0
0,0
1,0
0,0
0,0
0,0
0,0
1,0
1,0
0,0
0,0
0,0
0,0
1,0
1,0
1,0
0,0
0,0
1,0
0,0
0,0
0,0
0,0
0,0
1,0
1,0
1,0
1,0
0,0
0,0
0,0
1,0
1,0
0,0
0,0
1,0
1,0
1,0
0,0
0,0
0,0
0,0
0,0
0,0
0,0
1,0
1,0
1,0
1,0
1,0
1,0
1,0
1,0
1,0
1,0
1,0
0,0
0,0
0,0
0,0
0,0
0,0
0,0
0,0
0,0
1,0
1,0
1,0
1,0
0,0
0,0
0,0
0,0
0,0
0,0
0,0
0,0
1,0
0,0
0,0
0,0
0,0
0,0
0,0
0,0
0,0
0,0
0,0
1,0
1,0
0,0
0,0
0,0
0,0
0,0
1,0
1,0
0,0
0,0
0,0
0,0
1,0
0,0
0,0
0,0
0,0
0,0
0,0
0,0
0,0
1,0
0,0
1,0
1,0
0,0
1,0
0,0
0,0
1,0
1,0
1,0
0,0
0,0
0,0
0,0
0,0
0,0
0,0
1,0
0,0
1,0
0,0
1,0
1,0
0,0
0,0
0,0
1,0
1,0
0,0
0,0
0,0
1,0
1,0
1,0
0,0
1,0
0,0
1,0
1,0
1,0
1,0
1,0
1,0
0,0
0,0
0,0
0,0
1,0
1,0
1,0
1,0
1,0
0,0
0,0
0,0
0,0
0,0
0,0
0,0
0,0
0,0
0,0
1,0
0,0
0,0
1,0
0,0
0,0
0,0
0,0
0,0
0,0
0,0
1,0
1,0
0,0
0,0
0,0
0,0
0,0
0,0
0,0
0,0
0,0
0,0
0,0
0,0
0,0
0,0
0,0
0,0
0,0
0,0
0,0
1,0
0,0
0,0
1,0
0,0
0,0
0,0
0,0
0,0
0,0
0,0
0,0
1,0
1,0
1,0
1,0
1,0
1,0
1,0
1,0
1,0
0,0
0,0
1,0
1,0
0,0
0,0
0,0
0,0
0,0
0,0
0,0
0,0
0,0
0,0
1,0
1,0
1,0
1,0
0,0
1,0
1,0
1,0
1,0
1,0
1,0
1,0
1,0
1,0
1,0
0,0
0,0
0,0
0,0
0,0
0,0
0,0
0,0
0,0
0,0
1,0
1,0
1,0
1,0
0,0
0,0
0,0
1,0
1,0
1,0
1,0
1,0
1,0
1,0
0,0
0,0
0,0
0,0
0,0
1,0
0,0
0,0
0,0
0,0
0,0
0,0
0,0
0,0
0,0
0,0
1,0
1,0
0,0
0,0
1,0
0,0
0,0
0,0
0,0
0,0
1,0
1,0
0,0
0,0
0,0
1,0
1,0
1,0
1,0
1,0
1,0
0,0
1,0
0,0
0,0
1,0
1,0
1,0
1,0
0,0
0,0
1,0
0,0
1,0
0,0
0,0
1,0
1,0
1,0
1,0
1,0
1,0
0,0
0,0
0,0
0,0
1,0
1,0
1,0
1,0
0,0
0,0
0,0
0,0
0,0
0,0
0,0
0,0
1,0
1,0
0,0
0,0
1,0
1,0
1,0
1,0
1,0
1,0
1,0
1,0
1,0
0,0
0,0
0,0
1,0
0,0
1,0
0,0
1,0
1,0
0,0
0,0
0,0
0,0
0,0
0,0
0,0
0,0
0,0
0,0
0,0
0,0
0,0
0,0
0,0
1,0
1,0
1,0
1,0
0,0
0,0
1,0
0,0
1,0
0,0
0,0
0,0
0,0
1,0
1,0
1,0
0,0
0,0
0,0
1,0
1,0
1,0
0,0
1,0
0,0
0,0
0,0
0,0
0,0
1,0
1,0
0,0
0,0
1,0
1,0
0,0
1,0
1,0
0,0
1,0
0,0
0,0
0,0
0,0
1,0
1,0
1,0
0,0
0,0
1,0
1,0
1,0
0,0
0,0
0,0
0,0
0,0
0,0
1,0
0,0
0,0
0,0
0,0
0,0
0,0
1,0
0,0
1,0
0,0
0,0
0,0
0,0
0,0
0,0
1,0
1,0
0,0
1,0
0,0
1,0
0,0
0,0
0,0
0,0
1,0
1,0
1,0
1,0
1,0
1,0
0,0
0,0
0,0
1,0
1,0
1,0
1,0
1,0
1,0
0,0
1,0
0,0
1,0
1,0
0,0
0,0
0,0
0,0
0,0
0,0
1,0
1,0
1,0
1,0
1,0
1,0
1,0
0,0
0,0
1,0
1,0
1,0
1,0
1,0
1,0
1,0
1,0
1,0
1,0
0,0
1,0
1,0
1,0
1,0
1,0
1,0
1,0
0,0
0,0
0,0
0,0
0,0
0,0
0,0
1,0
1,0
0,0
0,0
0,0
0,0
0,0
0,0
0,0
0,0
0,0
0,0
1,0
1,0
1,0
0,0
1,0
0,0
1,0
0,0
0,0
0,0
0,0
0,0
1,0
1,0
1,0
1,0
1,0
1,0
1,0
0,0
1,0
0,0
0,0
0,0
1,0
0,0
0,0
0,0
1,0
1,0
0,0
0,0
0,0
0,0
0,0
1,0
1,0
1,0
1,0
1,0
1,0
1,0
0,0
0,0
0,0
1,0
1,0
1,0
1,0
1,0
1,0
1,0
1,0
1,0
1,0
1,0
0,0
0,0
1,0
0,0
0,0
0,0
1,0
1,0
1,0
0,0
0,0
0,0
1,0
0,0
1,0
1,0
1,0
0,0
0,0
0,0
1,0
0,0
0,0
0,0
0,0
0,0
0,0
0,0
0,0
1,0
1,0
1,0
1,0
0,0
0,0
0,0
0,0
0,0
0,0
1,0
0,0
0,0
0,0
0,0
1,0
1,0
1,0
1,0
1,0
1,0
1,0
1,0
0,0
0,0
0,0
1,0
0,0
1,0
0,0
0,0
1,0
1,0
1,0
1,0
1,0
1,0
1,0
1,0
1,0
1,0
0,0
1,0
1,0
0,0
0,0
1,0
1,0
0,0
1,0
0,0
1,0
1,0
0,0
0,0
0,0
0,0
0,0
1,0
1,0
1,0
0,0
0,0
1,0
1,0
1,0
1,0
0,0
1,0
0,0
1,0
0,0
0,0
1,0
0,0
0,0
0,0
1,0
0,0
0,0
0,0
0,0
0,0
0,0
0,0
0,0
0,0
1,0
0,0
1,0
1,0
1,0
0,0
0,0
0,0
0,0
0,0
0,0
0,0
0,0
0,0
0,0
0,0
0,0
0,0
0,0
0,0
1,0
1,0
1,0
1,0
1,0
0,0
0,0
0,0
0,0
0,0
1,0
0,0
0,0
0,0
0,0
0,0
0,0
0,0
0,0
1,0
1,0
0,0
0,0
0,0
0,0
1,0
1,0
0,0
0,0
0,0
0,0
0,0
0,0
0,0
0,0
0,0
0,0
1,0
0,0
0,0
0,0
0,0
1,0
1,0
1,0
1,0
0,0
0,0
1,0
0,0
1,0
1,0
1,0
1,0
1,0
0,0
1,0
0,0
0,0
1,0
1,0
0,0
0,0
0,0
1,0
1,0
1,0
0,0
0,0
0,0
0,0
0,0
0,0
0,0
0,0
0,0
0,0
1,0
1,0
0,0
0,0
0,0
0,0
1,0
1,0
1,0
1,0
1,0
0,0
0,0
0,0
0,0
0,0
0,0
0,0
0,0
0,0
1,0
1,0
1,0
1,0
1,0
0,0
0,0
1,0
1,0
0,0
0,0
0,0
0,0
0,0
0,0
0,0
0,0
0,0
0,0
0,0
0,0
0,0
0,0
0,0
0,0
0,0
0,0
0,0
0,0
0,0
0,0
1,0
1,0
1,0
1,0
1,0
0,0
0,0
0,0
0,0
0,0
0,0
0,0
0,0
0,0
0,0
0,0
0,0
0,0
0,0
0,0
0,0
0,0
0,0
0,0
0,0
0,0
0,0
1,0
1,0
1,0
1,0
1,0
1,0
0,0
0,0
0,0
0,0
0,0
0,0
0,0
0,0
1,0
1,0
1,0
0,0
0,0
0,0
0,0
1,0
0,0
0,0
0,0
0,0
0,0
0,0
0,0
0,0
0,0
0,0
0,0
1,0
0,0
0,0
0,0
0,0
1,0
1,0
0,0
0,0
0,0
1,0
0,0
1,0
1,0
1,0
1,0
1,0
0,0
0,0
0,0
0,0
0,0
0,0
0,0
1,0
1,0
1,0
1,0
1,0
0,0
0,0
0,0
0,0
1,0
1,0
0,0
0,0
1,0
1,0
1,0
1,0
0,0
0,0
0,0
0,0
0,0
0,0
0,0
0,0
0,0
0,0
0,0
0,0
1,0
0,0
0,0
1,0
0,0
1,0
0,0
1,0
1,0
1,0
1,0
1,0
1,0
0,0
1,0
1,0
0,0
1,0
0,0
0,0
0,0
0,0
1,0
1,0
1,0
1,0
1,0
1,0
1,0
1,0
0,0
0,0
0,0
0,0
0,0
0,0
0,0
1,0
1,0
1,0
1,0
1,0
0,0
1,0
1,0
1,0
1,0
1,0
1,0
0,0
0,0
1,0
0,0
1,0
0,0
1,0
0,0
1,0
1,0
1,0
1,0
0,0
0,0
0,0
0,0
0,0
1,0
1,0
1,0
1,0
0,0
1,0
1,0
1,0
1,0
1,0
0,0
1,0
1,0
1,0
1,0
1,0
1,0
1,0
1,0
1,0
1,0
1,0
1,0
1,0
1,0
1,0
1,0
0,0
1,0
1,0
1,0
1,0
0,0
0,0
1,0
0,0
0,0
1,0
0,0
0,0
1,0
1,0
1,0
1,0
1,0
0,0
0,0
0,0
1,0
1,0
0,0
0,0
0,0
0,0
0,0
0,0
0,0
0,0
0,0
0,0
1,0
0,0
0,0
0,0
0,0
0,0
0,0
0,0
0,0
1,0
1,0
1,0
0,0
0,0
0,0
0,0
1,0
0,0
0,0
0,0
0,0
0,0
0,0
1,0
0,0
1,0
0,0
0,0
0,0
0,0
0,0
0,0
1,0
1,0
0,0
1,0
1,0
1,0
0,0
1,0
1,0
0,0
0,0
0,0
0,0
0,0
1,0
1,0
1,0
1,0
1,0
0,0
1,0
0,0
0,0
0,0
0,0
0,0
0,0
0,0
0,0
1,0
1,0
1,0
0,0
0,0
0,0
1,0
1,0
0,0
1,0
1,0
1,0
0,0
0,0
0,0
1,0
0,0
0,0
0,0
0,0
0,0
1,0
0,0
1,0
1,0
0,0
1,0
0,0
0,0
1,0
0,0
0,0
1,0
1,0
0,0
0,0
0,0
0,0
0,0
0,0
0,0
1,0
0,0
0,0
0,0
0,0
0,0
1,0
0,0
0,0
0,0
1,0
1,0
0,0
0,0
0,0
1,0
1,0
0,0
0,0
0,0
0,0
1,0
1,0
0,0
0,0
0,0
0,0
1,0
0,0
1,0
1,0
1,0
0,0
1,0
1,0
1,0
1,0
1,0
1,0
1,0
0,0
0,0
0,0
1,0
1,0
1,0
0,0
0,0
0,0
1,0
1,0
1,0
1,0
0,0
0,0
0,0
0,0
1,0
1,0
1,0
1,0
1,0
1,0
1,0
0,0
0,0
0,0
0,0
0,0
0,0
0,0
0,0
0,0
0,0
0,0
0,0
0,0
0,0
0,0
0,0
0,0
0,0
0,0
0,0
0,0
0,0
0,0
1,0
1,0
1,0
1,0
1,0
1,0
0,0
0,0
1,0
0,0
0,0
0,0
1,0
1,0
1,0
0,0
0,0
0,0
0,0
0,0
0,0
1,0
0,0
0,0
0,0
0,0
0,0
1,0
1,0
1,0
0,0
0,0
1,0
1,0
1,0
1,0
1,0
1,0
0,0
1,0
1,0
1,0
1,0
1,0
1,0
1,0
1,0
1,0
1,0
1,0
1,0
1,0
1,0
1,0
1,0
1,0
1,0
1,0
1,0
1,0
1,0
1,0
1,0
1,0
1,0
0,0
0,0
0,0
0,0
0,0
0,0
0,0
1,0
1,0
0,0
0,0
0,0
1,0
1,0
0,0
0,0
0,0
0,0
0,0
0,0
0,0
0,0
1,0
1,0
1,0
0,0
0,0
0,0
1,0
0,0
0,0
0,0
0,0
0,0
1,0
1,0
0,0
0,0
0,0
0,0
0,0
0,0
0,0
0,0
1,0
0,0
1,0
0,0
0,0
0,0
0,0
1,0
1,0
1,0
1,0
1,0
1,0
1,0
1,0
0,0
0,0
0,0
0,0
1,0
0,0
0,0
1,0
1,0
0,0
1,0
1,0
0,0
1,0
1,0
1,0
0,0
1,0
1,0
1,0
1,0
1,0
1,0
1,0
1,0
1,0
0,0
0,0
0,0
0,0
0,0
0,0
1,0
0,0
0,0
0,0
0,0
1,0
1,0
1,0
0,0
0,0
1,0
1,0
1,0
1,0
0,0
1,0
1,0
1,0
1,0
1,0
0,0
0,0
0,0
0,0
0,0
0,0
0,0
0,0
1,0
0,0
1,0
1,0
1,0
1,0
1,0
1,0
0,0
1,0
1,0
1,0
0,0
0,0
0,0
0,0
0,0
0,0
1,0
0,0
0,0
0,0
0,0
0,0
1,0
0,0
0,0
0,0
0,0
0,0
0,0
0,0
0,0
1,0
0,0
0,0
1,0
0,0
0,0
1,0
0,0
1,0
1,0
1,0
1,0
0,0
0,0
1,0
0,0
1,0
1,0
1,0
1,0
1,0
1,0
1,0
1,0
0,0
0,0
0,0
0,0
1,0
1,0
1,0
1,0
1,0
0,0
1,0
1,0
0,0
0,0
0,0
0,0
0,0
0,0
0,0
0,0
0,0
1,0
0,0
1,0
0,0
0,0
0,0
0,0
0,0
1,0
0,0
0,0
0,0
1,0
0,0
1,0
0,0
1,0
0,0
0,0
1,0
1,0
1,0
1,0
1,0
1,0
1,0
1,0
1,0
1,0
0,0
0,0
0,0
0,0
0,0
0,0
0,0
0,0
0,0
0,0
1,0
1,0
1,0
1,0
1,0
0,0
0,0
0,0
0,0
1,0
0,0
1,0
1,0
1,0
1,0
0,0
1,0
1,0
1,0
1,0
1,0
1,0
0,0
0,0
1,0
1,0
1,0
1,0
0,0
1,0
1,0
0,0
0,0
1,0
1,0
0,0
0,0
1,0
1,0
1,0
1,0
0,0
0,0
1,0
1,0
0,0
0,0
0,0
0,0
0,0
0,0
1,0
1,0
1,0
1,0
0,0
0,0
0,0
1,0
1,0
0,0
0,0
0,0
0,0
0,0
0,0
1,0
0,0
0,0
0,0
0,0
0,0
1,0
1,0
0,0
0,0
0,0
0,0
1,0
1,0
0,0
0,0
0,0
0,0
0,0
1,0
1,0
1,0
1,0
1,0
1,0
1,0
0,0
1,0
0,0
0,0
1,0
1,0
0,0
1,0
1,0
1,0
0,0
0,0
0,0
1,0
1,0
0,0
0,0
1,0
1,0
0,0
1,0
1,0
1,0
1,0
1,0
0,0
0,0
1,0
1,0
1,0
0,0
0,0
0,0
1,0
0,0
0,0
0,0
0,0
0,0
0,0
0,0
0,0
0,0
0,0
0,0
0,0
0,0
0,0
0,0
0,0
0,0
1,0
1,0
1,0
0,0
1,0
1,0
1,0
1,0
0,0
0,0
1,0
1,0
1,0
1,0
0,0
1,0
1,0
1,0
1,0
1,0
0,0
0,0
0,0
0,0
0,0
0,0
0,0
0,0
1,0
0,0
1,0
1,0
0,0
1,0
0,0
0,0
0,0
0,0
0,0
1,0
0,0
0,0
0,0
0,0
0,0
0,0
0,0
0,0
0,0
0,0
0,0
0,0
1,0
0,0
0,0
1,0
1,0
1,0
1,0
1,0
1,0
0,0
1,0
1,0
1,0
1,0
1,0
1,0
1,0
0,0
0,0
0,0
0,0
0,0
0,0
0,0
0,0
1,0
1,0
1,0
1,0
1,0
1,0
0,0
1,0
1,0
1,0
1,0
0,0
0,0
0,0
1,0
0,0
0,0
1,0
0,0
1,0
0,0
0,0
0,0
0,0
1,0
0,0
0,0
0,0
0,0
1,0
0,0
0,0
0,0
0,0
1,0
1,0
1,0
0,0
0,0
0,0
1,0
0,0
1,0
0,0
0,0
0,0
1,0
1,0
1,0
1,0
1,0
1,0
1,0
1,0
1,0
0,0
1,0
1,0
0,0
0,0
0,0
1,0
0,0
0,0
1,0
1,0
0,0
0,0
0,0
0,0
0,0
0,0
0,0
0,0
0,0
0,0
1,0
1,0
1,0
1,0
1,0
1,0
1,0
1,0
1,0
0,0
0,0
0,0
0,0
0,0
0,0
0,0
0,0
0,0
1,0
0,0
0,0
1,0
0,0
1,0
1,0
1,0
0,0
0,0
0,0
0,0
1,0
1,0
1,0
1,0
1,0
1,0
1,0
1,0
1,0
0,0
0,0
1,0
1,0
1,0
1,0
1,0
1,0
1,0
1,0
0,0
0,0
1,0
0,0
0,0
0,0
0,0
0,0
0,0
0,0
0,0
0,0
0,0
0,0
0,0
0,0
0,0
0,0
1,0
1,0
1,0
1,0
0,0
0,0
0,0
0,0
0,0
0,0
0,0
0,0
0,0
0,0
0,0
0,0
0,0
0,0
0,0
0,0
0,0
0,0
0,0
1,0
1,0
1,0
1,0
0,0
1,0
1,0
1,0
0,0
0,0
0,0
0,0
1,0
1,0
1,0
1,0
0,0
0,0
0,0
1,0
0,0
0,0
1,0
1,0
1,0
1,0
1,0
1,0
1,0
1,0
0,0
0,0
1,0
0,0
0,0
0,0
0,0
0,0
0,0
1,0
0,0
1,0
1,0
1,0
1,0
0,0
0,0
0,0
0,0
1,0
0,0
0,0
1,0
0,0
0,0
0,0
1,0
1,0
1,0
1,0
0,0
1,0
0,0
0,0
0,0
0,0
0,0
1,0
1,0
1,0
1,0
1,0
0,0
0,0
1,0
1,0
1,0
1,0
1,0
1,0
1,0
1,0
0,0
0,0
0,0
0,0
0,0
0,0
0,0
1,0
1,0
1,0
1,0
1,0
0,0
0,0
0,0
0,0
0,0
0,0
0,0
0,0
0,0
1,0
1,0
1,0
1,0
0,0
0,0
1,0
1,0
1,0
1,0
1,0
0,0
1,0
0,0
0,0
0,0
1,0
0,0
0,0
1,0
1,0
1,0
0,0
0,0
0,0
0,0
0,0
0,0
0,0
0,0
0,0
0,0
0,0
0,0
0,0
0,0
1,0
1,0
1,0
0,0
0,0
0,0
1,0
0,0
0,0
0,0
0,0
0,0
0,0
0,0
0,0
0,0
1,0
1,0
1,0
1,0
1,0
0,0
0,0
0,0
0,0
0,0
0,0
0,0
0,0
1,0
1,0
1,0
1,0
0,0
1,0
1,0
0,0
1,0
1,0
1,0
1,0
1,0
1,0
1,0
1,0
1,0
1,0
1,0
1,0
1,0
1,0
1,0
1,0
1,0
0,0
0,0
0,0
0,0
0,0
0,0
0,0
0,0
1,0
1,0
1,0
0,0
0,0
0,0
0,0
0,0
1,0
1,0
1,0
1,0
0,0
0,0
0,0
1,0
1,0
1,0
1,0
1,0
1,0
0,0
1,0
1,0
0,0
1,0
0,0
0,0
0,0
0,0
1,0
0,0
0,0
0,0
0,0
1,0
0,0
0,0
0,0
0,0
0,0
1,0
1,0
1,0
1,0
0,0
0,0
0,0
0,0
0,0
1,0
1,0
0,0
0,0
0,0
0,0
0,0
0,0
0,0
1,0
0,0
0,0
0,0
0,0
0,0
0,0
1,0
1,0
0,0
0,0
0,0
0,0
0,0
0,0
0,0
0,0
0,0
1,0
1,0
0,0
0,0
0,0
1,0
1,0
1,0
1,0
1,0
1,0
1,0
1,0
1,0
1,0
1,0
1,0
0,0
0,0
0,0
1,0
1,0
1,0
1,0
1,0
1,0
1,0
1,0
1,0
1,0
1,0
1,0
1,0
1,0
1,0
0,0
0,0
1,0
0,0
1,0
0,0
0,0
1,0
1,0
0,0
1,0
1,0
0,0
0,0
0,0
0,0
0,0
0,0
0,0
0,0
1,0
1,0
0,0
1,0
0,0
1,0
1,0
0,0
0,0
1,0
1,0
1,0
0,0
0,0
0,0
0,0
0,0
1,0
1,0
1,0
0,0
0,0
1,0
1,0
1,0
1,0
1,0
1,0
1,0
0,0
0,0
1,0
0,0
1,0
0,0
0,0
0,0
0,0
0,0
1,0
1,0
0,0
1,0
0,0
1,0
1,0
1,0
0,0
0,0
1,0
0,0
0,0
0,0
1,0
0,0
1,0
1,0
1,0
1,0
0,0
0,0
1,0
1,0
1,0
1,0
0,0
1,0
1,0
0,0
0,0
0,0
0,0
0,0
1,0
1,0
1,0
0,0
0,0
0,0
1,0
1,0
0,0
0,0
1,0
1,0
0,0
1,0
0,0
1,0
1,0
1,0
1,0
0,0
0,0
0,0
0,0
0,0
0,0
1,0
1,0
1,0
1,0
1,0
1,0
1,0
0,0
1,0
1,0
1,0
1,0
0,0
1,0
1,0
0,0
1,0
0,0
0,0
0,0
1,0
0,0
1,0
1,0
1,0
1,0
1,0
1,0
1,0
1,0
0,0
0,0
0,0
0,0
1,0
1,0
1,0
1,0
1,0
0,0
1,0
1,0
0,0
1,0
0,0
0,0
0,0
1,0
1,0
0,0
1,0
1,0
1,0
0,0
0,0
0,0
0,0
0,0
0,0
0,0
1,0
1,0
1,0
0,0
0,0
0,0
1,0
1,0
0,0
0,0
0,0
0,0
0,0
0,0
0,0
0,0
0,0
0,0
0,0
1,0
1,0
0,0
0,0
0,0
0,0
0,0
0,0
0,0
0,0
0,0
0,0
1,0
0,0
1,0
1,0
1,0
0,0
0,0
0,0
1,0
1,0
1,0
0,0
1,0
1,0
1,0
0,0
0,0
0,0
0,0
0,0
0,0
0,0
0,0
0,0
0,0
1,0
0,0
0,0
0,0
0,0
1,0
1,0
0,0
1,0
0,0
1,0
1,0
1,0
0,0
0,0
0,0
0,0
0,0
0,0
0,0
0,0
0,0
1,0
0,0
1,0
0,0
0,0
1,0
1,0
1,0
1,0
1,0
1,0
0,0
1,0
0,0
1,0
0,0
0,0
0,0
0,0
1,0
0,0
0,0
0,0
0,0
0,0
0,0
1,0
0,0
1,0
1,0
1,0
1,0
1,0
1,0
1,0
0,0
0,0
0,0
1,0
0,0
1,0
0,0
0,0
0,0
0,0
0,0
1,0
0,0
0,0
0,0
0,0
0,0
1,0
0,0
1,0
1,0
1,0
0,0
0,0
0,0
1,0
0,0
0,0
1,0
0,0
0,0
1,0
1,0
0,0
0,0
0,0
0,0
0,0
0,0
0,0
1,0
1,0
1,0
1,0
1,0
1,0
0,0
0,0
0,0
0,0
1,0
1,0
1,0
1,0
1,0
0,0
1,0
0,0
0,0
1,0
1,0
0,0
0,0
0,0
0,0
1,0
0,0
0,0
1,0
1,0
0,0
0,0
0,0
0,0
0,0
0,0
0,0
0,0
0,0
0,0
0,0
1,0
1,0
0,0
1,0
0,0
0,0
1,0
1,0
1,0
0,0
0,0
0,0
1,0
0,0
1,0
0,0
0,0
0,0
1,0
1,0
1,0
0,0
0,0
0,0
0,0
0,0
1,0
1,0
1,0
1,0
1,0
1,0
1,0
1,0
0,0
0,0
0,0
0,0
0,0
0,0
0,0
1,0
1,0
1,0
0,0
0,0
0,0
1,0
0,0
1,0
1,0
1,0
1,0
1,0
1,0
1,0
1,0
1,0
0,0
0,0
0,0
0,0
0,0
1,0
1,0
0,0
0,0
1,0
0,0
0,0
1,0
0,0
0,0
0,0
0,0
1,0
1,0
1,0
1,0
0,0
0,0
1,0
1,0
0,0
1,0
1,0
1,0
1,0
1,0
1,0
1,0
0,0
0,0
1,0
0,0
1,0
1,0
1,0
0,0
1,0
0,0
0,0
0,0
0,0
0,0
0,0
0,0
0,0
0,0
0,0
1,0
0,0
1,0
0,0
1,0
1,0
0,0
1,0
1,0
1,0
1,0
1,0
1,0
1,0
1,0
1,0
1,0
1,0
1,0
0,0
1,0
0,0
0,0
0,0
1,0
0,0
0,0
0,0
0,0
1,0
1,0
1,0
1,0
0,0
1,0
1,0
1,0
1,0
0,0
0,0
0,0
1,0
1,0
0,0
0,0
0,0
1,0
1,0
1,0
1,0
1,0
1,0
0,0
0,0
0,0
0,0
1,0
1,0
1,0
1,0
0,0
1,0
1,0
0,0
0,0
0,0
0,0
0,0
1,0
1,0
0,0
0,0
0,0
0,0
0,0
0,0
0,0
0,0
0,0
0,0
0,0
0,0
0,0
0,0
0,0
0,0
1,0
1,0
1,0
0,0
1,0
1,0
1,0
1,0
1,0
0,0
0,0
0,0
0,0
0,0
0,0
0,0
0,0
0,0
0,0
0,0
0,0
0,0
0,0
0,0
1,0
0,0
0,0
0,0
0,0
0,0
0,0
0,0
0,0
0,0
0,0
0,0
0,0
0,0
0,0
1,0
0,0
0,0
1,0
1,0
0,0
0,0
0,0
1,0
1,0
0,0
0,0
0,0
0,0
0,0
0,0
0,0
0,0
0,0
0,0
0,0
0,0
0,0
1,0
1,0
1,0
1,0
1,0
1,0
0,0
0,0
0,0
0,0
0,0
0,0
0,0
0,0
0,0
0,0
0,0
0,0
1,0
1,0
1,0
1,0
1,0
1,0
0,0
0,0
0,0
0,0
1,0
1,0
0,0
0,0
0,0
1,0
1,0
0,0
1,0
0,0
0,0
1,0
0,0
0,0
1,0
1,0
1,0
1,0
0,0
1,0
1,0
0,0
0,0
0,0
0,0
1,0
1,0
1,0
0,0
0,0
0,0
0,0
1,0
0,0
0,0
0,0
0,0
0,0
0,0
0,0
0,0
1,0
1,0
0,0
0,0
1,0
0,0
1,0
0,0
1,0
1,0
1,0
1,0
0,0
0,0
0,0
0,0
0,0
1,0
1,0
0,0
0,0
0,0
0,0
1,0
1,0
1,0
1,0
0,0
1,0
1,0
1,0
1,0
0,0
0,0
0,0
0,0
0,0
1,0
1,0
0,0
0,0
1,0
0,0
0,0
1,0
0,0
1,0
1,0
1,0
1,0
0,0
0,0
1,0
0,0
0,0
0,0
1,0
1,0
1,0
0,0
1,0
1,0
1,0
0,0
0,0
1,0
0,0
0,0
1,0
1,0
0,0
1,0
1,0
0,0
0,0
1,0
0,0
1,0
1,0
1,0
1,0
1,0
0,0
1,0
0,0
0,0
1,0
1,0
1,0
0,0
